,Date,Open,High,Low,Close,Adj Close,Volume,TotalInvested,TotalParticipations,TotalPosition
0,2004-01-31,111.73999786376952,112.19000244140624,110.7300033569336,111.2300033569336,75.38758850097656,38072300,100.0,1.3264782968711701,100.0
1,2004-02-29,113.6999969482422,114.68000030517578,113.12000274658205,113.97000122070312,77.24465942382812,38832400,200.0,2.6210661783623324,202.46336427491312
2,2004-03-31,115.43000030517578,116.33999633789062,115.25,116.16000366210938,78.72895812988281,33130800,300.0,3.8912468383810435,306.35380941194006
3,2004-04-30,113.06999969482422,113.87000274658205,113.0500030517578,113.77999877929688,77.38623809814453,45103800,400.0,5.183466262113409,401.12895433360757
4,2004-05-31,111.37000274658205,112.29000091552734,111.3499984741211,112.1500015258789,76.2776107788086,33758000,500.0,6.49446694736012,495.38242202657244
5,2004-06-30,112.45999908447266,112.86000061035156,111.87000274658205,112.70999908447266,76.6584701538086,41044700,600.0,7.798954237536387,597.8559006491022
6,2004-07-31,114.25,114.4000015258789,112.58000183105467,112.94000244140624,77.09532165527344,57734700,700.0,9.096049805113669,701.2628855176256
7,2004-08-31,110.19000244140624,111.36000061035156,110.0500030517578,111.06999969482422,75.81880950927734,38263100,800.0,10.414983729917168,789.6516674608126
8,2004-09-30,110.9499969482422,111.63999938964844,110.4800033569336,111.31999969482422,75.98944091796875,52778300,900.0,11.730956038595565,891.4287908061464
9,2004-10-31,112.26000213623048,113.6500015258789,112.20999908447266,113.6500015258789,77.90290832519531,62824300,1000.0,13.014605162227296,1013.8755928416067
10,2004-11-30,113.55999755859376,113.83999633789062,113.1999969482422,113.51000213623048,77.80693817138672,36720900,1100.0,14.29983758944,1112.6265791824296
11,2004-12-31,118.16000366210938,119.5,118.0999984741211,119.2300033569336,81.96998596191406,49898300,1200.0,15.51979631977897,1272.1574864640477
12,2005-01-31,121.55999755859376,121.76000213623048,119.9000015258789,120.3000030517578,83.09629821777344,55748000,1300.0,16.723219362017584,1389.637623267456
13,2005-02-28,118.25,119.08000183105467,118.0999984741211,118.91000366210938,82.13615417480469,49841200,1400.0,17.940710015246573,1473.580923817755
14,2005-03-31,120.81999969482422,121.5199966430664,120.77999877929688,121.2300033569336,83.73871612548828,47294400,1500.0,19.134900762691792,1602.3320230564373
15,2005-04-30,118.62999725341795,118.98999786376952,116.91000366210938,117.43000030517578,81.43245697021484,95255300,1600.0,20.36291234088323,1658.2019829872304
16,2005-05-31,116.06999969482422,116.41000366210938,115.5199966430664,116.4000015258789,80.71821594238281,56026400,1700.0,21.60179006919403,1743.6579555472244
17,2005-06-30,119.5199966430664,120.91999816894533,119.4499969482422,120.5,83.56136322021484,69611000,1800.0,22.798515399493674,1905.0750261787523
18,2005-07-31,119.4499969482422,119.8000030517578,119.20999908447266,119.52999877929688,83.22325134277344,49737500,1900.0,24.000102676925646,1997.3665773341527
19,2005-08-31,123.83000183105467,124.04000091552734,123.4499969482422,123.6500015258789,86.09182739257812,40418200,2000.0,25.16165311706209,2166.2126970660347
20,2005-09-30,122.5199966430664,123.1500015258789,121.13999938964844,122.48999786376952,85.28414916992188,74578700,2100.0,26.33420394829285,2245.890177797353
21,2005-10-31,122.95999908447266,123.33999633789062,122.4499969482422,122.5999984741211,85.72412872314453,50994800,2200.0,27.500736656055455,2357.476689084997
22,2005-11-30,120.58000183105467,120.9000015258789,120.22000122070312,120.48999786376952,84.24876403808594,66365100,2300.0,28.687697689154927,2416.903073409557
23,2005-12-31,126.0199966430664,127.02999877929688,125.9800033569336,126.69000244140624,88.58393859863281,65468200,2400.0,29.81657050269162,2641.2692506322405
24,2006-01-31,125.19000244140624,127.0,124.38999938964844,126.6999969482422,89.0605239868164,73256700,2500.0,30.93940243229943,2755.479392459569
25,2006-02-28,127.81999969482422,128.42999267578125,127.72000122070312,128.38999938964844,90.24848175048828,63561000,2600.0,32.04745431373132,2892.234095782388
26,2006-03-31,128.60000610351562,129.49000549316406,128.5,129.3699951171875,90.93734741210938,48641600,2700.0,33.1471125162828,3014.3104866014883
27,2006-04-30,130.07000732421875,130.8699951171875,129.49000549316406,129.72999572753906,91.55300903320312,61624700,2800.0,34.2393759061593,3134.71789162784
28,2006-05-31,131.47000122070312,131.8000030517578,130.32000732421875,130.39999389648438,92.0258560180664,64990300,2900.0,35.32602703147313,3250.9078772886683
29,2006-06-30,127.37999725341795,128.94000244140625,127.2699966430664,128.72999572753906,90.8473129272461,73721700,3000.0,36.426775053377575,3309.274632204594
30,2006-07-31,127.43000030517578,128.00999450683594,127.30999755859376,127.8000030517578,90.5896453857422,23914000,3100.0,37.53065397435345,3399.888634631675
31,2006-08-31,127.33999633789062,127.37999725341795,126.5999984741211,127.22000122070312,90.17853546142578,65225600,3200.0,38.63956530772474,3484.459410316733
32,2006-09-30,131.13999938964844,131.5800018310547,130.83999633789062,131.4199981689453,93.1556396484375,48794500,3300.0,39.713037621128336,3699.493421978673
33,2006-10-31,133.5399932861328,133.8300018310547,132.9499969482422,133.0800018310547,94.7471694946289,51687400,3400.0,40.768478121708874,3862.697906635621
34,2006-11-30,138.22000122070312,138.30999755859375,136.72000122070312,136.86000061035156,97.4383773803711,83005600,3500.0,41.794767789994594,4072.4143564464716
35,2006-12-31,140.52999877929688,140.66000366210938,138.97000122070312,140.22000122070312,99.8305435180664,126080000,3600.0,42.796465231238145,4272.394384686536
36,2007-01-31,142.25,142.86000061035156,140.57000732421875,141.3699951171875,101.21003723144533,94807600,3700.0,43.78450952739151,4431.431839427868
37,2007-02-28,144.14999389648438,144.66000366210938,143.91000366210938,144.61000061035156,103.5296859741211,69312400,3800.0,44.75041605998736,4632.996521901757
38,2007-03-31,139.33999633789062,141.25,138.0500030517578,140.50999450683594,100.59435272216795,212828600,3900.0,45.744507649563865,4601.639137602137
39,2007-04-30,142.16000366210938,142.4600067138672,141.47999572753906,142.16000366210938,102.1793441772461,79416400,4000.0,46.723179031781136,4774.143791343453
40,2007-05-31,148.4199981689453,149.47000122070312,147.6699981689453,148.6699981689453,106.85848236083984,134342700,4100.0,47.65899617788583,5092.768002409946
41,2007-06-30,153.8800048828125,154.39999389648438,153.50999450683594,154.0800018310547,110.74700927734376,107771700,4200.0,48.561955098876375,5378.091291861213
42,2007-07-31,150.8699951171875,151.9199981689453,150.77000427246094,151.7899932861328,109.57128143310548,103357000,4300.0,49.474602999786896,5420.9956490808145
43,2007-08-31,145.17999267578125,147.00999450683594,143.9499969482422,146.42999267578125,105.70208740234376,467670000,4400.0,50.42065811049971,5329.568810479733
44,2007-09-30,147.4499969482422,149.97999572753906,147.39999389648438,149.0800018310547,107.6150131225586,120062000,4500.0,51.34989648624672,5526.019784209466
45,2007-10-31,152.60000610351562,154.75,152.5,154.3000030517578,111.91151428222656,148162300,4600.0,52.24345958957327,5846.644674011455
46,2007-11-30,153.2899932861328,153.41000366210938,150.58999633789062,151.02999877929688,109.53983306884766,333040800,4700.0,53.15636950734855,5822.739842380944
47,2007-12-31,148.19000244140625,148.4499969482422,147.2899932861328,147.67999267578125,107.11012268066406,146430400,4800.0,54.089988081366414,5793.585259190813
48,2008-01-31,146.52999877929688,146.99000549316406,143.8800048828125,144.92999267578125,105.67351531982422,204935600,4900.0,55.03629898715342,5815.879184165384
49,2008-02-29,137.94000244140625,139.61000061035156,137.52000427246094,139.5800018310547,101.77259826660156,206843600,5000.0,56.01888174226833,5701.187146900135
50,2008-03-31,133.13999938964844,133.80999755859375,132.24000549316406,133.5,97.33949279785156,189483500,5100.0,57.0462139907286,5552.849535895226
51,2008-04-30,133.61000061035156,136.83999633789062,133.50999450683594,136.61000061035156,100.1002197265625,254547300,5200.0,58.04521279685674,5810.338555040437
52,2008-05-31,138.3800048828125,141.1199951171875,138.27000427246094,141.1199951171875,103.40487670898438,187279500,5300.0,59.01228517470438,6102.158072805733
53,2008-06-30,139.8300018310547,139.86000061035156,138.0,138.89999389648438,101.77818298339844,181069900,5400.0,59.9948140140757,6106.163158779554
54,2008-07-31,126.5199966430664,128.47000122070312,125.93000030517578,128.3800048828125,94.54022216796876,388622000,5500.0,61.052564860295746,5771.923045816683
55,2008-08-31,127.12000274658205,127.27999877929688,125.45999908447266,126.16000366210938,92.90540313720705,248690900,5600.0,62.12892852293779,5772.113150906257
56,2008-09-30,130.02999877929688,130.7100067138672,127.5199966430664,127.98999786376952,94.2530517578125,252364900,5700.0,63.18990212681594,5955.841115729889
57,2008-10-31,115.2699966430664,116.69000244140624,113.9499969482422,116.05999755859376,85.96234893798828,332783000,5800.0,64.35320212077187,5531.952415982679
58,2008-11-30,96.77999877929688,97.69000244140624,95.9499969482422,97.11000061035156,71.9266357421875,205419400,5900.0,65.74350765874306,4728.709327784126
59,2008-12-31,87.51000213623047,87.55000305175781,81.86000061035156,82.11000061035156,60.81655502319336,369927100,6000.0,67.38779678300969,4098.293650945681
60,2009-01-31,90.44000244140624,93.44000244140624,89.8499984741211,92.95999908447266,69.41181182861328,227566300,6100.0,68.82847377105479,4777.509069847099
61,2009-02-28,81.56999969482422,83.18000030517578,81.30999755859375,82.58000183105469,61.66119384765625,288233300,6200.0,70.4502393218008,4344.045863435334
62,2009-03-31,72.5199966430664,73.91999816894531,70.37000274658203,70.5999984741211,52.71592330932617,426452600,6300.0,72.34719936200004,3813.8494132117253
63,2009-04-30,78.52999877929688,81.41999816894531,78.33000183105469,81.05999755859375,60.95948028564453,377018300,6400.0,73.98763329502275,4510.247673229436
64,2009-05-31,87.44000244140625,88.20999908447266,86.72000122070312,87.88999938964844,66.09580993652344,236110300,6500.0,75.50058850498291,4990.272547921017
65,2009-06-30,93.66999816894533,95.16999816894533,93.43000030517578,94.7699966430664,71.269775390625,276246800,6600.0,76.90370784206384,5480.909984610136
66,2009-07-31,92.33999633789062,93.2300033569336,92.20999908447266,92.33000183105467,69.8270492553711,173041100,6700.0,78.33581761995636,5469.9589954084595
67,2009-08-31,99.8499984741211,100.52999877929688,99.30999755859376,100.44000244140624,75.96044921875,175776900,6800.0,79.65229219361272,6050.423896329957
68,2009-09-30,101.9499969482422,103.23999786376952,99.98999786376952,100.1999969482422,75.7789535522461,321276800,6900.0,80.9719198119996,6135.967350469713
69,2009-10-31,103.0,105.7300033569336,102.9499969482422,102.97000122070312,78.24473571777344,281840600,7000.0,82.24996106401044,6435.626466250652
70,2009-11-30,104.12999725341795,105.41000366210938,103.08000183105467,104.31999969482422,79.27059173583984,254222900,7100.0,83.51146293765909,6620.003083793894
71,2009-12-31,110.91999816894533,111.66000366210938,110.7300033569336,111.3000030517578,84.57456970214844,159613700,7200.0,84.69385145411476,7162.946043149435
72,2010-01-31,112.37000274658205,113.38999938964844,111.51000213623048,113.33000183105467,86.58076477050781,118944600,7300.0,85.84884240695587,7432.858430257042
73,2010-02-28,108.1500015258789,109.06999969482422,107.5,109.05999755859376,83.318603515625,187865000,7400.0,87.04905455382948,7252.805662780529
74,2010-03-31,111.1999969482422,112.0,111.16999816894533,111.88999938964844,85.48062133789062,147709700,7500.0,88.21891034611153,7541.007270137281
75,2010-04-30,117.8000030517578,118.25,117.0999984741211,117.8000030517578,90.36629486083984,161215200,7600.0,89.32551762877146,8072.016064638709
76,2010-05-31,119.37999725341795,120.68000030517578,119.1999969482422,120.3499984741211,92.32244873046876,182747900,7700.0,90.40867780676832,8346.750521604838
77,2010-06-30,108.3499984741211,109.9499969482422,107.37000274658205,107.52999877929688,82.48802185058594,277909400,7800.0,91.6209750319477,7557.63299040729
78,2010-07-31,103.1500015258789,103.48999786376952,101.12999725341795,102.76000213623048,79.20389556884766,382924800,7900.0,92.88353919349295,7356.7381383463835
79,2010-08-31,111.98999786376952,112.94000244140624,111.54000091552734,112.76000213623048,86.91159057617188,188263200,8000.0,94.03413371531748,8172.6561296506725
80,2010-09-30,106.7300033569336,108.61000061035156,106.66000366210938,108.45999908447266,83.5972900390625,256828100,8100.0,95.23034474025947,7960.998749771381
81,2010-10-31,114.98999786376952,115.12000274658205,113.93000030517578,114.61000061035156,88.81041717529297,174638700,8200.0,96.35633877542566,8557.44664412941
82,2010-11-30,119.06999969482422,119.75,117.8499984741211,118.52999877929688,91.84798431396484,174074800,8300.0,97.44509429626723,8950.135492396377
83,2010-12-31,120.1999969482422,121.23999786376952,120.19000244140624,121.01000213623048,93.76970672607422,221037200,8400.0,98.51153679130591,9237.397914055626
84,2011-01-31,126.70999908447266,127.5999984741211,125.6999969482422,127.0500030517578,98.96780395507812,138725200,8500.0,99.52196640582369,9849.47046047543
85,2011-02-28,129.4600067138672,130.97000122070312,129.3800048828125,130.74000549316406,101.84217834472656,167194300,8600.0,100.50387784591003,10235.533851919781
86,2011-03-31,133.57000732421875,133.69000244140625,130.88999938964844,130.92999267578125,101.990234375,258565500,8700.0,101.4843638758991,10350.414057100734
87,2011-04-30,133.41000366210938,133.77000427246094,132.8300018310547,133.14999389648438,104.17008972167967,153850100,8800.0,102.44433233006075,10671.635290299997
88,2011-05-31,137.07000732421875,137.17999267578125,135.9499969482422,136.22000122070312,106.57191467285156,126278700,8900.0,103.3826658516736,11017.688643796484
89,2011-06-30,134.50999450683594,134.9199981689453,131.75999450683594,131.8699951171875,103.16868591308594,233094300,9000.0,104.35195221133746,10765.853782108828
90,2011-07-31,132.08999633789062,134.10000610351562,131.77999877929688,133.9199981689453,105.29193878173828,202385700,9100.0,105.30169253483261,11087.419363991023
91,2011-08-31,130.83999633789062,130.9600067138672,127.52999877929688,128.77999877929688,101.250732421875,325790900,9200.0,106.28933971138177,10761.87349441489
92,2011-09-30,122.29000091552734,123.4000015258789,120.77999877929688,120.94000244140624,95.08668518066406,254585900,9300.0,107.34101166534673,10206.700983196813
93,2011-10-31,112.48999786376952,113.9499969482422,109.80999755859376,109.93000030517578,86.87744140625,365136800,9400.0,108.49205845472427,9425.512451443758
94,2011-11-30,122.02999877929688,123.51000213623048,121.5199966430664,122.0,96.41635131835938,416565800,9500.0,109.52922692908199,10560.408423222678
95,2011-12-31,124.8499984741211,125.63999938964844,124.43000030517578,124.97000122070312,98.76351928710938,176954800,9600.0,110.54174653877001,10917.491916312569
96,2012-01-31,127.76000213623048,128.3800048828125,127.43000030517578,127.5,101.40204620361328,193697900,9700.0,111.52791993214713,11309.159289952466
97,2012-02-29,132.2899932861328,133.13999938964844,132.1300048828125,132.47000122070312,105.35474395751952,166234500,9800.0,112.47709408647208,11849.995448566098
98,2012-03-31,137.30999755859375,137.99000549316406,136.92999267578125,137.72999572753906,109.53805541992188,145023500,9900.0,113.39001881949424,12420.522165515746
99,2012-04-30,140.63999938964844,142.2100067138672,140.36000061035156,141.83999633789062,113.30111694335938,151741100,10000.0,114.27262265163468,12947.215782477238
100,2012-05-31,139.7899932861328,141.66000366210938,139.6300048828125,140.74000549316406,112.4224853515625,138832200,10100.0,115.1621244242319,12946.81224613803
101,2012-06-30,129.41000366210938,131.5,128.16000366210938,128.16000366210938,102.37361145019533,253240900,10200.0,116.13893864992374,11889.562579585367
102,2012-07-31,136.47999572753906,136.64999389648438,135.52000427246094,136.50999450683594,109.60853576660156,129524500,10300.0,117.05127635520007,12829.81901090531
103,2012-08-31,138.6999969482422,138.72999572753906,137.39999389648438,137.58999633789062,110.47572326660156,138293800,10400.0,117.95645259703086,13031.324414619587
104,2012-09-30,141.0399932861328,141.4600067138672,140.1300048828125,141.02999877929688,113.23776245117188,120226200,10500.0,118.83955023014703,13457.124758765496
105,2012-10-31,144.52000427246094,145.69000244140625,144.00999450683594,144.35000610351562,116.52228546142578,135911200,10600.0,119.6977551615385,13947.45599602464
106,2012-11-30,141.64999389648438,143.00999450683594,141.52000427246094,142.8300018310547,115.29530334472656,100995600,10700.0,120.5650931805123,13900.58899103239
107,2012-12-31,142.8000030517578,142.9199981689453,141.33999633789062,141.4499969482422,114.18132019042967,124656300,10800.0,121.44089317856121,13866.281508233064
108,2013-01-31,145.11000061035156,146.14999389648438,144.72999572753906,146.05999755859375,118.73882293701172,192059000,10900.0,122.28307771034697,14519.748712441733
109,2013-02-28,150.64999389648438,151.4199981689453,150.38999938964844,151.24000549316406,122.94989013671876,131173000,11000.0,123.09641719270682,15134.690970067002
110,2013-03-31,151.08999633789062,152.33999633789062,150.41000366210938,152.11000061035156,123.65718841552734,170634800,11100.0,123.90510451029299,15321.756854074907
111,2013-04-30,156.58999633789062,156.91000366210938,155.6699981689453,156.0500030517578,127.42443084716795,99194100,11200.0,124.68988337361739,15888.537421282947
112,2013-05-31,159.3300018310547,159.41000366210938,158.10000610351562,158.27999877929688,129.24534606933594,138874200,11300.0,125.46360562390525,16215.587127968316
113,2013-06-30,163.8300018310547,164.4600067138672,162.66000366210938,164.35000610351562,134.20187377929688,168390700,11400.0,126.20875170259903,16937.450965834814
114,2013-07-31,161.25999450683594,162.47999572753906,161.0800018310547,161.36000061035156,132.45751953125,131954800,11500.0,126.96371072911475,16817.298193661692
115,2013-08-31,169.99000549316406,170.80999755859375,169.89999389648438,170.66000366210938,140.09178161621094,110438400,11600.0,127.67752847663941,17886.572436646922
116,2013-09-30,165.22999572753906,165.5800018310547,163.6999969482422,164.38999938964844,134.94479370117188,142375100,11700.0,128.41857225652353,17329.417740555604
117,2013-10-31,168.13999938964844,169.5,167.97000122070312,169.33999633789062,139.6857147216797,127160000,11800.0,129.1344650749069,18038.240049190154
118,2013-11-30,176.02000427246094,176.61000061035156,175.22000122070312,176.2100067138672,145.3527069091797,142805000,11900.0,129.82244675840235,18870.04405390664
119,2013-12-31,181.08999633789065,181.42999267578125,180.25,180.52999877929688,148.9161376953125,99726000,12000.0,130.4939656518389,19432.65735741662
120,2014-01-31,183.97999572753903,184.07000732421875,182.47999572753903,182.9199981689453,151.70684814453125,119636900,12100.0,131.15313167646508,19896.8282309212
121,2014-02-28,177.97000122070312,178.3699951171875,173.8300018310547,174.1699981689453,144.44989013671875,254837100,12200.0,131.84541326910147,19045.05546175199
122,2014-03-31,184.6499938964844,185.4499969482422,183.75,184.97999572753903,153.4153289794922,167748500,12300.0,132.49723861579398,20327.10745111631
123,2014-04-30,187.6199951171875,188.3600006103516,187.0,188.25,156.81640625,89193000,12400.0,133.13492699541783,20877.740797777533
124,2014-05-31,188.22000122070312,188.83999633789065,187.72999572753903,188.3300018310547,156.88304138183594,93019000,12500.0,133.77234452072327,20986.612261189843
125,2014-06-30,192.9499969482422,192.9900054931641,191.97000122070312,192.8999938964844,160.68997192382812,64656000,12600.0,134.3946608905799,21595.874285219685
126,2014-07-31,196.1999969482422,197.6300048828125,196.1300048828125,197.02999877929688,164.9168243408203,90470000,12700.0,135.00102716278835,22263.940682435878
127,2014-08-31,192.55999755859372,193.75999450683597,191.57000732421875,192.5,161.1251678466797,189261000,12800.0,135.62166266831753,21852.063161078433
128,2014-09-30,200.97000122070312,201.0,199.8600006103516,200.6100006103516,167.91329956054688,72426000,12900.0,136.21720810909986,22872.68087052464
129,2014-10-31,196.6999969482422,196.7700042724609,193.91000366210935,194.3500061035156,163.43408203125,177798000,13000.0,136.82907558959806,22362.534364170475
130,2014-11-30,201.9199981689453,202.4499969482422,201.30999755859372,201.7700042724609,169.67369079589844,93600000,13100.0,137.41844215274008,23316.294263478077
131,2014-12-31,206.3999938964844,206.5399932861328,205.3800048828125,205.75999450683597,173.02896118164062,103968400,13200.0,137.99638008473184,23877.37029288799
132,2015-01-31,206.3800048828125,206.8800048828125,204.17999267578125,205.42999267578125,173.70494079589844,121465900,13300.0,138.5720689485132,24070.65303266664
133,2015-02-28,200.0500030517578,202.02999877929688,197.8600006103516,201.9199981689453,170.7369842529297,163107000,13400.0,139.15776513166622,23759.377153958183
134,2015-03-31,210.77999877929688,212.05999755859372,210.72000122070312,211.9900054931641,179.25189208984375,87491400,13500.0,139.7156392987622,25044.292698845253
135,2015-04-30,206.38999938964844,206.4199981689453,204.50999450683597,205.6999969482422,174.7096405029297,137303600,13600.0,140.28801755855446,24509.66911452374
136,2015-05-31,209.3999938964844,210.7700042724609,209.27999877929688,210.72000122070312,178.9733428955078,103399700,13700.0,140.84675998567883,25207.815470638187
137,2015-06-30,211.94000244140625,212.33999633789065,210.6199951171875,211.57000732421875,179.6952667236328,93338800,13800.0,141.40325767102854,25409.49610278605
138,2015-07-31,207.72999572753903,208.02999877929688,206.55999755859372,207.5,177.095703125,135979900,13900.0,141.96792410976994,25141.909341416347
139,2015-08-31,210.4600067138672,210.52999877929688,208.6499938964844,209.7899932861328,179.05020141601562,113965700,14000.0,142.5264266928955,25519.38540646793
140,2015-09-30,193.1199951171875,194.7700042724609,190.72999572753903,191.7700042724609,163.67059326171875,256000400,14100.0,143.13740999788112,23427.384812299075
141,2015-10-31,192.0800018310547,192.4900054931641,189.82000732421875,192.1300048828125,164.83033752441406,131079000,14200.0,143.74409443171714,23693.387602321185
142,2015-11-30,208.32000732421875,210.6199951171875,208.1699981689453,210.38999938964844,180.4957733154297,86270800,14300.0,144.29812402566915,26045.201483978937
143,2015-12-31,209.44000244140625,210.82000732421875,209.1100006103516,210.67999267578125,180.74452209472656,97858400,14400.0,144.85139113905691,26181.095466185154
144,2016-01-31,200.4900054931641,201.02999877929688,198.58999633789065,201.0200042724609,173.48350524902344,222353500,14500.0,145.42781481608867,25229.32707500093
145,2016-02-29,192.52999877929688,194.5800018310547,191.83999633789065,193.6499938964844,167.12307739257812,136061600,14600.0,146.0261762246995,24404.343950542705
146,2016-03-31,195.00999450683597,198.2100067138672,194.4499969482422,198.1100006103516,170.97213745117188,141799700,14700.0,146.61106684776115,25066.407472958366
147,2016-04-30,204.3500061035156,207.13999938964844,203.97999572753903,206.9199981689453,179.496337890625,114423500,14800.0,147.1681812779226,26416.149593410748
148,2016-05-31,206.9199981689453,208.17999267578125,206.41000366210935,207.97000122070312,180.4072265625,62188000,14900.0,147.7224827984626,26650.203422597253
149,2016-06-30,209.1199951171875,210.47999572753903,208.88999938964844,210.2700042724609,182.40234375,69936200,15000.0,148.27072136790258,27044.927087008637
150,2016-07-31,209.47999572753903,210.4900054931641,209.2899932861328,209.9199981689453,183.0457305908203,106055300,15100.0,148.81703293538482,27240.322518015684
151,2016-08-31,217.19000244140625,217.6499938964844,216.41000366210935,216.94000244140625,189.16702270507807,73311400,15200.0,149.34566630165557,28251.27504819029
152,2016-09-30,217.3699951171875,217.72999572753903,216.02999877929688,217.38999938964844,189.55941772460935,97844200,15300.0,149.87320537726762,28409.877543835642
153,2016-10-31,215.82000732421875,216.0399932861328,215.0399932861328,215.77999877929688,189.10598754882807,83512100,15400.0,150.40200936330842,28441.920509976524
154,2016-11-30,212.92999267578125,212.9900054931641,209.6000061035156,211.00999450683597,184.9256591796875,122781800,15500.0,150.94276720320792,27913.190723459342
155,2016-12-31,220.72999572753903,220.72999572753903,219.1499938964844,219.57000732421875,192.4275054931641,79040500,15600.0,151.46244343007433,29145.540165148683
156,2017-01-31,225.0399932861328,225.8300018310547,223.8800048828125,225.2400054931641,198.56002807617188,91366500,15700.0,151.96606946683957,30174.387019961152
157,2017-02-28,227.52999877929688,228.58999633789065,226.94000244140625,227.6199951171875,200.6581268310547,79117700,15800.0,152.464429546141,30593.22684109396
158,2017-03-31,238.38999938964844,240.32000732421875,238.3699951171875,239.77999877929688,211.37779235839844,149158200,15900.0,152.93751614092596,32327.59453064586
159,2017-04-30,235.8000030517578,236.02999877929688,233.91000366210935,235.3300018310547,208.3573455810547,85546500,16000.0,153.41746082308308,31965.654902883038
160,2017-05-31,238.67999267578125,239.1699981689453,238.1999969482422,238.67999267578125,211.3234100341797,66882500,16100.0,153.89066916277352,32520.700979919082
161,2017-06-30,241.97000122070312,243.3800048828125,241.63999938964844,243.3600006103516,215.4669952392578,68962000,16200.0,154.35477736592992,33258.36007986152
162,2017-07-31,242.8800048828125,243.3800048828125,242.2100067138672,242.2100067138672,215.49462890625,39153800,16300.0,154.81882605478845,33362.625468377904
163,2017-08-31,247.4600067138672,247.5,246.72000122070312,247.32000732421875,220.04098510742188,55050400,16400.0,155.27328684513247,34166.48699827024
164,2017-09-30,247.9199981689453,248.3300018310547,247.6699981689453,247.83999633789065,220.5036163330078,62007000,16500.0,155.7267941465682,34338.32126926416
165,2017-10-31,251.4900054931641,252.32000732421875,251.2899932861328,252.32000732421875,225.60357666015625,59023000,16600.0,156.17004953054928,35232.52174128567
166,2017-11-30,258.0400085449219,258.42999267578125,257.07000732421875,257.489990234375,230.22613525390625,54202700,16700.0,156.60440508227546,36054.42694582947
167,2017-12-31,264.760009765625,265.3099975585937,260.760009765625,264.4599914550781,236.4582061767578,164390900,16800.0,157.02731279868286,37130.39670513319
168,2018-01-31,267.8399963378906,268.8099975585937,267.3999938964844,268.7699890136719,241.5401763916016,86655700,16900.0,157.44132259818667,38028.40483169306
169,2018-02-28,281.07000732421875,283.0599975585937,280.67999267578125,281.5799865722656,253.0523376464844,90102500,17000.0,157.83649776601973,39940.8947256254
170,2018-03-31,271.4100036621094,273.1700134277344,266.0,267.70001220703125,240.57858276367188,176855100,17100.0,158.25216236446917,38072.080940930486
171,2018-04-30,262.54998779296875,263.1300048828125,254.6699981689453,257.4700012207031,232.31175231933597,186286300,17200.0,158.68261841760307,36863.837147213904
172,2018-05-31,263.8699951171875,265.1000061035156,262.1099853515625,264.9800109863281,239.08786010742188,74203400,17300.0,159.10087470194586,38039.08767370728
173,2018-06-30,272.4100036621094,273.94000244140625,272.3299865722656,273.6000061035156,246.86557006835935,71258400,17400.0,159.5059534659562,39376.52813167047
174,2018-07-31,269.510009765625,272.0400085449219,269.239990234375,271.8599853515625,246.3970184326172,63554800,17500.0,159.91180253278387,39401.791356263384
175,2018-08-31,281.5599975585937,282.1300048828125,280.1300048828125,280.8599853515625,254.55406188964844,53853300,17600.0,160.3046463917962,40806.1988788155
176,2018-09-30,289.8399963378906,290.2099914550781,288.67999267578125,289.8099975585937,262.66583251953125,57594400,17700.0,160.68535826071644,42206.553401250225
177,2018-10-31,292.1099853515625,292.92999267578125,290.9800109863281,291.7300109863281,265.6029357910156,62078900,17800.0,161.06186012317585,42778.50289267742
178,2018-11-30,271.6000061035156,273.7300109863281,270.3800048828125,273.510009765625,249.01470947265625,99495000,17900.0,161.46344282570684,40206.77230569823
179,2018-12-31,280.2799987792969,280.3999938964844,277.510009765625,279.29998779296875,254.2860565185547,103176300,18000.0,161.85670072340326,41157.902148058114
180,2019-01-31,245.97999572753903,251.2100067138672,245.9499969482422,250.17999267578125,229.10418701171875,126925200,18100.0,162.29318336173623,37182.04783163438
181,2019-02-28,270.1499938964844,271.20001220703125,269.17999267578125,270.0599975585937,247.30946350097656,85782500,18200.0,162.69753505367868,40236.6401070566
182,2019-03-31,280.44000244140625,280.8800048828125,278.82000732421875,280.4200134277344,256.7967224121094,78880500,18300.0,163.0869481235212,41880.193746313955
183,2019-04-30,284.70001220703125,286.1600036621094,284.3999938964844,285.8299865722656,262.9039001464844,77617900,18400.0,163.4673152460488,42976.194724661094
184,2019-05-31,294.7200012207031,294.95001220703125,291.79998779296875,291.8099975585937,268.404296875,71671900,18500.0,163.83988752288747,43975.32981065969
185,2019-06-30,275.3099975585937,276.54998779296875,273.0899963378906,274.57000732421875,252.5470733642578,96428000,18600.0,164.23585330727715,41477.284094234405
186,2019-07-31,296.67999267578125,296.9200134277344,294.3299865722656,295.6600036621094,273.2681579589844,78705600,18700.0,164.60179422314124,44980.429104101604
187,2019-08-31,297.6000061035156,300.8699951171875,293.9599914550781,294.8399963378906,272.5102233886719,142646600,18800.0,164.96875293300724,44955.67171392442
188,2019-09-30,290.57000732421875,291.5799865722656,289.2699890136719,290.739990234375,268.720703125,69101400,18900.0,165.3408865231515,44430.519281812114
189,2019-10-31,297.739990234375,298.4599914550781,293.0,293.239990234375,272.28302001953125,88242400,19000.0,165.70815143740444,45119.51591523031
190,2019-11-30,304.9200134277344,306.19000244140625,304.739990234375,306.1400146484375,284.2610778808594,71141500,19100.0,166.05994071768683,47204.37774124127
191,2019-12-31,314.5899963378906,314.6600036621094,311.1700134277344,311.6400146484375,289.3680419921875,75767800,19200.0,166.40552138136874,48152.43989881576
192,2020-01-31,323.5400085449219,324.8900146484375,322.5299987792969,324.8699951171875,303.13555908203125,59151200,19300.0,166.7354067973286,50543.43075827812
193,2020-02-29,323.3500061035156,326.1600036621094,323.2200012207031,324.1199951171875,302.4358215332031,69083000,19400.0,167.06605546021862,50526.75973342289
194,2020-03-31,298.2099914550781,309.1600036621094,294.4599914550781,309.0899963378906,288.41131591796875,238703600,19500.0,167.41278249373227,48283.740900506
195,2020-04-30,247.97999572753903,257.6600036621094,243.8999938964844,246.1499938964844,231.03268432617188,189554600,19600.0,167.84562168396053,38777.824530040525
196,2020-05-31,285.3099975585937,290.6600036621094,281.5199890136719,282.7900085449219,265.4225158691406,125180000,19700.0,168.2223794720952,44650.007184976785
197,2020-06-30,303.6199951171875,306.2099914550781,303.0599975585937,305.54998779296875,286.7846374511719,55758300,19800.0,168.57107318487132,48343.59410807829
198,2020-07-31,309.57000732421875,311.8900146484375,309.07000732421875,310.5199890136719,292.73193359375,72396500,19900.0,168.91268265252435,49446.13620138093
199,2020-08-31,328.32000732421875,329.6199951171875,327.7300109863281,328.7900085449219,309.9553527832031,53077900,20000.0,169.23530976350037,52455.39014112041
200,2020-09-30,350.2099914550781,352.7099914550781,349.239990234375,352.6000061035156,332.4014892578125,54908700,20100.0,169.53615077424095,56354.06900039473
201,2020-10-31,337.69000244140625,338.739990234375,335.010009765625,337.0400085449219,319.0046691894531,88698700,20200.0,169.84962580974462,54182.82369338998
202,2020-11-30,330.20001220703125,332.3599853515625,327.239990234375,330.20001220703125,312.5306396484375,86068300,20300.0,170.16959443782054,53183.21219836724
203,2020-12-31,365.5700073242188,367.6799926757813,364.9299926757813,366.0199890136719,346.4338684082031,74231400,20400.0,170.4582498180219,59052.510886549215
204,2021-01-31,375.30999755859375,375.4500122070313,364.8200073242188,368.7900085449219,350.5436096191406,110210800,20500.0,170.7435210289524,59853.050180570615
205,2021-02-28,373.7200012207031,377.3399963378906,370.3800048828125,376.2300109863281,357.6154479980469,75817600,20600.0,171.0231510073546,61160.52076553274
206,2021-03-31,385.5899963378906,390.9200134277344,380.5700073242188,389.5799865722656,370.3049621582031,105348800,20700.0,171.29319869836362,63430.72146195511
207,2021-04-30,398.3999938964844,400.6700134277344,398.1799926757813,400.6099853515625,382.0364074707031,99682900,20800.0,171.5549538558421,65540.23825488816
208,2021-05-31,419.4299926757813,419.8399963378906,417.6700134277344,418.2000122070313,398.8109130859375,68128300,20900.0,171.80569925101247,68517.98779166426
209,2021-06-30,422.5700073242188,422.7200012207031,419.2000122070313,419.6700134277344,400.2127075195313,54216600,21000.0,172.0555663794697,68858.82406453401
210,2021-07-31,428.8699951171875,430.6000061035156,428.7999877929688,430.4299926757813,411.8167419433594,53441000,21100.0,172.29839283554844,70955.36277961261
211,2021-08-31,440.3399963378906,440.9299926757813,437.2099914550781,437.5899963378906,418.6671142578125,58783300,21200.0,172.53724608337822,72235.67091971802
212,2021-09-30,452.55999755859375,453.1099853515625,451.5499877929688,451.7999877929688,432.2626037597656,48721400,21300.0,172.76858693759556,74681.39923754049
213,2021-10-31,430.9800109863281,436.0299987792969,427.2300109863281,434.239990234375,416.79296875,129240100,21400.0,173.00851420964122,72108.73225646293
214,2021-11-30,460.2999877929688,460.7000122070313,458.2000122070313,460.0400085449219,441.556396484375,48433600,21500.0,173.23498584677793,76493.01609552497
215,2021-12-31,461.6400146484375,464.6700134277344,450.2900085449219,450.5,432.3997497558594,131939200,21600.0,173.46625332567092,75006.76452910661
216,2022-01-31,476.2999877929688,477.8500061035156,473.8500061035156,477.7099914550781,460.1273193359375,72668200,21700.0,173.68358447684952,79916.56213798962
217,2022-02-28,450.6799926757813,453.6300048828125,446.9400024414063,452.9500122070313,436.2786560058594,123155400,21800.0,173.9127957816507,75874.44080584004
218,2022-03-31,435.0400085449219,437.1700134277344,427.1099853515625,429.9800109863281,414.1540832519531,137785900,21900.0,174.15425180983902,72126.69450273368
219,2022-04-30,453.30999755859375,453.4599914550781,449.1400146484375,452.9200134277344,437.6050109863281,89048800,22000.0,174.3827683886931,76310.77327656036
220,2022-05-31,412.0700073242188,415.9200134277344,405.0199890136719,414.4800109863281,400.4648132324219,158312500,22100.0,174.63247821761124,69934.16277373067
221,2022-06-30,415.1700134277344,416.239990234375,406.9299926757813,409.5899963378906,395.74017333984375,86585800,22200.0,174.8851692677921,69209.08720060396
222,2022-07-31,376.55999755859375,381.7000122070313,373.7999877929688,381.239990234375,369.9400024414063,74839700,22300.0,175.15548337099816,64797.01994589276
223,2022-08-31,409.1499938964844,413.4100036621094,408.3999938964844,410.7699890136719,398.59466552734375,69997500,22400.0,175.40636480180632,69916.04130954323
224,2022-09-30,392.8900146484375,396.7799987792969,390.0400085449219,396.4200134277344,384.6700439453125,78740100,22500.0,175.66632785734961,67573.57405659834
225,2022-10-31,361.0799865722656,368.5499877929688,359.2099914550781,366.6099853515625,357.2049255371094,89756500,22600.0,175.94627920418404,62848.87756166201
226,2022-11-30,390.1400146484375,390.3900146484375,383.2900085449219,384.5199890136719,374.6554260253906,85407600,22700.0,176.2131911265893,66019.22819282589
227,2022-12-31,408.7699890136719,410.0,404.75,407.3800048828125,396.9290161132813,76398200,22800.0,176.4651253413746,70044.12858005869
228,2023-01-31,384.3699951171875,386.4299926757813,377.8299865722656,380.8200073242188,372.7543029785156,74850700,22900.0,176.733398569077,65878.13479664049
229,2023-02-28,405.2099914550781,413.6700134277344,402.3500061035156,410.7999877929688,402.0992736816406,101459200,23000.0,176.98209337293574,71164.37119991376
230,2023-03-31,395.4100036621094,396.6900024414063,393.3800048828125,394.739990234375,386.3794250488281,99706800,23100.0,177.2409063259996,68482.23948137292
231,2023-04-30,408.8500061035156,411.3699951171875,408.4400024414063,410.9500122070313,403.78131103515625,67391100,23200.0,177.48856513849796,71666.56552537144
232,2023-05-31,415.4700012207031,417.6199951171875,415.2699890136719,415.510009765625,408.26171875,62122300,23300.0,177.73350605606961,72561.78666191452
233,2023-06-30,418.0899963378906,422.9200134277344,416.7900085449219,421.8200073242188,414.461669921875,88865000,23400.0,177.97478289119613,73763.7257210683
234,2023-07-31,442.9200134277344,444.0799865722656,442.6300048828125,443.7900085449219,437.6681518554688,32793400,23500.0,178.20326650275447,77993.89430486812
235,2023-08-31,456.2699890136719,457.25,455.489990234375,456.4800109863281,450.18310546875,55291500,23600.0,178.425398339301,80324.09991888527
236,2023-09-30,453.1700134277344,453.6700134277344,449.6799926757813,451.1900024414063,444.9660949707031,58875700,23700.0,178.65013456331957,79493.25274263095
237,2023-10-31,426.6199951171875,428.6000061035156,424.4599914550781,427.30999755859375,422.9019775390625,83798600,23800.0,178.88659597828365,75651.49519444746
238,2023-11-30,419.2000122070313,423.5,418.6499938964844,422.6600036621094,418.2999572753906,98068100,23900.0,179.12565887623697,74928.25545485612
239,2023-12-31,455.7699890136719,459.6499938964844,455.1600036621094,459.1000061035156,454.3640441894531,89097900,24000.0,179.34574671390553,81488.25878510743
